A	B	diff_logit	se_logit	z_value	p_value	diff_prob	diff_prob_lcl95	diff_prob_ucl95	q_value_fdr	model
Recurrent/Direct	Single/Inverted	-5.254496242246316	1.0263873810347743	-5.119408460525775	3.0649549254135877e-07	-0.18526189104726087	-0.2538093945748656	-0.11671438751965613	9.194864776240763e-07	adjusted
Single/Direct	Single/Inverted	-5.495949891768732	1.0733458727776197	-5.120390389675823	3.04903798209466e-07	-0.22468125245776682	-0.41428948337234967	-0.03507302154318398	9.194864776240763e-07	adjusted
Recurrent/Inverted	Single/Inverted	-5.225490769313739	1.0547853699616991	-4.9540796811615655	7.267342374550623e-07	-0.1809019709898645	-0.2580469984696413	-0.10375694351008771	1.4534684749101245e-06	adjusted
Recurrent/Direct	Single/Direct	0.24145364952241588	0.4715290087577797	0.5120653131363303	0.6086052997485727	0.03941936141050595	-0.12403510597344408	0.20287382879445598	0.7303263596982872	adjusted
Recurrent/Inverted	Single/Direct	0.2704591224549935	0.40304386548507176	0.6710414066952495	0.5021941518817767	0.04377928146790233	-0.09963941191235429	0.18719797484815895	0.7303263596982872	adjusted
Recurrent/Direct	Recurrent/Inverted	-0.02900547293257727	0.1512069435787607	-0.1918263291756102	0.8478782462478294	-0.0043599200573963826	-0.04863384705653631	0.039914006941743546	0.8478782462478294	adjusted
