consensus	phy_group	category	z_hat	se_z	p_hat	p_lcl95	p_ucl95	model
0	1	Single/Inverted	4.486011204126517	1.1050622879620484	0.9888600074263836	0.9105272012855373	0.9987101430755491	no_covariates
1	1	Recurrent/Inverted	1.3582201912757532	0.2051632112139194	0.7954702798931863	0.7223403407051517	0.8532522483582692	no_covariates
0	0	Single/Direct	1.201215112479901	0.11714121499980827	0.7687408747194321	0.7254419479569637	0.8070277867169994	no_covariates
1	0	Recurrent/Direct	1.1700426737911775	0.24594342258108712	0.7631527291285894	0.6655204368818562	0.8391735603710777	no_covariates
