A	B	diff_logit	se_logit	z_value	p_value	diff_prob	diff_prob_lcl95	diff_prob_ucl95	q_value_fdr	model
Recurrent/Direct	Single/Inverted	-3.315968530335339	1.132100184341834	-2.929041595610317	0.0034000891870413774	-0.22570727829779413	-0.31604572657011315	-0.13536883002547512	0.010200267561124132	no_covariates
Single/Direct	Single/Inverted	-3.2847960916466157	1.1070816143835216	-2.9670767258435182	0.0030064592375123045	-0.2201191327069515	-0.26665626905608064	-0.17358199635782234	0.010200267561124132	no_covariates
Recurrent/Inverted	Single/Inverted	-3.1277910128507638	1.1239459967060346	-2.7828659223996777	0.005388106754707689	-0.19338972753319728	-0.2630284809627833	-0.12375097410361126	0.010776213509415378	no_covariates
Recurrent/Direct	Recurrent/Inverted	-0.18817751748457523	0.24580138300710777	-0.7655673665560041	0.4439337680477058	-0.03231755076459686	-0.11663193018487555	0.05199682865568184	0.6075890709667767	no_covariates
Recurrent/Inverted	Single/Direct	0.1570050787958519	0.23624988357084556	0.6645720896144692	0.5063242258056473	0.026729405173754217	-0.05038305769783004	0.10384186804533847	0.6075890709667767	no_covariates
Recurrent/Direct	Single/Direct	-0.031172438688723436	0.2724155490469116	-0.11442973353681567	0.9088971448414331	-0.005588145590842641	-0.10180566575814518	0.09062937457645989	0.9088971448414331	no_covariates
