phenotype	inversion	N_rows	N_persons	beta	se	p	OR	CI_low	CI_high	p_allele	llf	model_df	converged
Breast Cancer	chr17-45585160-inv-706887	885572	221393	-0.09006537926	0.02956179048	0.002313822426	0.9138714351	0.862425519	0.9683862333	0.07463166937	-178906.3914	38	TRUE
Obesity	chr17-45585160-inv-706887	885572	221393	0.09381920105	0.02726537731	0.0005796441336	1.098361145	1.04120538	1.15865441	0.07463166937	-255683.5232	38	TRUE
Heart Failure	chr17-45585160-inv-706887	885572	221393	0.04234447895	0.02972707147	0.1543186627	1.043253796	0.9842054814	1.105844768	0.07463166937	-178866.6358	38	TRUE
Cognitive Impairment	chr17-45585160-inv-706887	885572	221393	-0.08124519671	0.02999029774	0.006747630162	0.9219676003	0.8693354756	0.9777862285	0.07463166937	-183826.1228	38	TRUE
